{
  "rmse": 22.24907730297603,
  "mae": 16.093752667965724,
  "mape": 7.636892324866489
}